Vera,F,48
Alphonse,M,20
Tim,M,12
Henry,M,2444
Alois,M,10
Burley,M,7
Firman,M,5
Dock,M,46
Malcom,M,5
Robert,F,12
Minna,F,17
Lavenia,F,8
Isabell,F,22
Ned,M,33
Ezekiel,M,16
Vida,F,13
Elroy,M,5
Millicent,F,8
Van,M,33
Howell,M,14
Otha,M,8
Wiley,M,78
Mozella,F,5
Stanton,M,6
Beulah,F,131
Faith,F,6
Georgia,F,259
Corinne,F,33
Clarissa,F,10
Juan,M,39
Ada,F,652
Rufus,M,163
Tabitha,F,8
Rennie,F,5
Cecil,F,14
Dicie,F,8
Anna,M,12
Alvia,M,5
Quincy,M,8
Jean,M,12
Dean,M,14
Norman,M,102
Lucy,F,590
Manson,M,5
Sibyl,F,5
Clem,M,22
Lilian,F,19
Ethel,F,633
Clyde,F,13
Emma,F,2003
Abe,M,50
Gustav,M,33
Alonzo,M,122
Benton,M,10
Dolores,F,13
Friend,M,6
Orilla,F,8
Daisy,F,564
Stanley,M,65
Adrienne,F,5
Jerry,M,136
Magnolia,F,8
Ludie,F,15
Hermann,M,9
Leland,M,9
Lavonia,F,5
Elisabeth,F,24
Evalyn,F,8
Lilly,F,64
Annette,F,28
Lora,F,74
Gottlieb,M,5
Hershel,M,5
Ervin,M,30
Hettie,F,69
Rilla,F,17
Avery,M,9
Ola,F,67
Rich,M,8
Reginald,M,14
Dell,M,15
Bert,M,348
Lauretta,F,6
Evelina,F,8
Erastus,M,19
Buck,M,5
Cary,M,17
Thurman,M,8
Fay,M,15
Harry,F,6
Hays,M,5
Arie,F,9
Lola,F,138
Alden,M,9
Ed,M,310
Thea,F,6
Bart,M,7
Randolph,M,19
Tobe,M,15
Ely,M,5
Felipe,M,8
Titus,M,6
Helena,F,60
Jimmie,F,15
Hedwig,F,7
Buford,M,11
Jimmie,M,24
Cecelia,F,47
Dollie,F,69
Miles,M,54
Linnie,F,41
Verne,M,11
Pearle,F,20
Betsy,F,14
Joshua,M,57
Burl,M,14
Morgan,M,33
Pierce,M,16
Richmond,M,8
Cordia,F,8
Micheal,M,20
Judd,M,5
Michel,M,6
Elvina,F,5
Nannie,F,248
Sara,F,165
Nora,M,5
Gena,F,11
Edmonia,F,11
Queenie,F,11
Ida,M,8
Martina,F,6
Arther,M,17
Tommie,M,15
Tella,F,5
Ottilie,F,6
Kirk,M,6
Golda,F,6
Faye,F,8
Bailey,M,12
Otelia,F,7
Albertus,M,5
Antonia,F,18
Bud,M,37
Arrie,F,6
Butler,M,8
Oswald,M,9
Vance,M,7
Janette,F,6
Hector,M,15
Claire,F,21
Mortimer,M,12
Tilden,M,8
Meta,F,37
Angelina,F,9
Merle,F,6
Lonnie,M,53
Bishop,M,12
Leanna,F,7
Taylor,M,37
Marjorie,F,16
Mac,M,7
Elisha,M,32
Orin,M,20
Clair,M,12
Hope,M,6
Genie,F,5
Cyrus,M,54
Augustine,F,6
Lorena,F,29
Hiram,M,88
Zachariah,M,5
Columbus,M,64
Eldora,F,11
Rosia,F,8
Elmer,M,373
Floyd,M,206
Corda,F,9
Lillie,F,647
Ennis,M,5
Gertrude,F,787
Lynn,F,5
Christian,M,43
Truman,M,12
Seymour,M,14
Birdie,F,85
Clovis,M,7
Winston,M,5
Ellar,F,5
Abram,M,21
Loma,F,7
Earl,M,335
Leola,F,24
Garfield,M,122
Frances,M,16
Floy,F,23
Edyth,F,6
Dudley,M,27
Solomon,M,62
America,F,16
Zada,F,13
Hanna,F,25
Nell,F,77
Claus,M,7
Metta,F,15
Wilma,F,5
Antoinette,F,19
Nelia,F,5
Vena,F,11
Oren,M,13
Juliet,F,10
Frankie,F,17
Abel,M,9
Pansy,F,8
Freddie,F,6
Camilla,F,6
Wright,M,5
Lella,F,5
Justin,M,8
Yee,M,6
Tennessee,F,5
Lena,F,603
Theda,F,5
Archibald,M,27
Judith,F,5
Hermine,F,6
Flora,F,365
Addie,F,274
Emil,M,119
Verdie,F,8
Margie,F,31
Theo,F,7
Alcide,M,7
Chesley,M,5
Nola,F,23
Lotta,F,12
Allie,F,105
Elma,F,28
Nicholas,M,73
Florance,F,7
Fredrick,M,103
Hosteen,M,5
Lyman,M,31
Elvira,F,30
Zoa,F,8
Diana,F,10
Garrett,M,13
Josie,F,141
Hamp,M,9
Joeseph,M,6
Adelaide,F,65
Colin,M,6
Dennis,M,128
Lenore,F,12
Almeda,F,21
Paula,F,9
Lucia,F,15
Byron,M,52
Martha,F,1040
Rosalee,F,5
Elise,F,24
Mary,M,27
Eliga,M,5
Margaretta,F,5
Ivory,M,8
Reuben,M,92
Ena,F,5
Miller,M,7
Dallas,M,20
Olivia,F,44
Malissa,F,22
Theodora,F,11
Laurence,M,25
Alvena,F,8
Melva,F,6
Gordon,M,51
Obed,M,6
Len,M,7
Tracy,M,6
Emile,M,12
Soloman,M,6
Aaron,M,102
Adela,F,9
Manuel,M,75
Henery,M,8
Karl,M,21
Arthur,F,5
Jarrett,M,6
Marvin,M,69
Lavern,M,5
Elam,M,6
Magdalena,F,19
Albertine,F,5
Authur,M,10
Cornelious,M,10
Dell,F,9
Fanny,F,67
Andrew,M,644
Wilmer,M,19
Lucien,M,19
Milford,M,6
Vannie,F,5
Henrietta,F,191
Alda,F,6
Susanna,F,21
Sophia,F,138
Eben,M,9
Angie,F,36
Price,M,8
Seth,M,25
Merida,M,5
Clementine,F,19
Oran,M,14
Morton,M,16
Barney,M,44
Holly,M,5
Gary,M,6
Leo,M,147
Vada,F,9
Agatha,F,16
Auther,M,6
Alton,M,14
Sena,F,10
Polly,F,41
Allie,M,31
Edythe,F,19
Garry,M,6
Lovisa,F,5
Celia,F,90
Lacy,M,9
Suzanne,F,6
Alva,F,17
Lenard,M,8
Nancy,F,410
Noble,M,6
Idell,F,8
Connie,M,7
Delmar,M,6
Ivey,M,7
Kelly,M,5
Clarice,F,9
Doshie,F,7
Chris,M,49
Wallace,M,91
Jason,M,20
Effie,F,406
Chester,M,168
Arvid,M,5
Wesley,M,123
Sam,M,457
Edmond,M,44
Ellen,F,411
Alla,F,6
Jesse,F,5
Permelia,F,9
Norris,M,12
Coleman,M,12
Rafael,M,7
Jeanne,F,12
Archie,M,183
Evelyn,F,122
Reba,F,13
Roxanna,F,9
Frieda,F,26
Turner,M,11
Wilber,M,23
Gerald,M,11
Freddie,M,9
Hyrum,M,5
Kit,M,5
Bradford,M,5
Anthony,M,130
Dorothea,F,16
Thelma,F,5
Math,M,7
India,F,12
Bartholomew,M,5
Hattie,M,6
Willie,M,476
Philomena,F,10
Leopold,M,8
Adah,F,24
Francis,M,344
Dixie,F,15
West,M,13
Bruce,M,47
Lindsey,M,11
Wilbur,M,82
Elton,M,7
Ples,M,7
Zona,F,8
Reta,F,5
Isadore,M,9
Wood,M,5
Edgar,M,283
Tony,M,42
Thomas,M,2534
Lawson,M,20
Elder,M,8
Dorothy,F,112
Zeb,M,10
Granville,M,27
Clara,M,8
Olive,F,224
Classie,F,6
Letha,F,25
Ora,M,64
Hallie,F,51
Cordella,F,5
Gregory,M,5
Myrtie,F,45
Chin,M,5
Roger,M,25
Billie,M,10
Llewellyn,M,9
Hence,M,6
Rowena,F,8
Bryant,M,16
Dolly,F,21
Shade,M,8
Hans,M,21
Edna,F,588
Willa,F,12
Mammie,F,10
Handy,M,5
Russell,M,62
Levy,M,6
Octave,M,9
James,M,5927
Vern,M,19
Vertie,F,5
Wilhelmina,F,36
Aden,M,7
Silas,M,98
Zula,F,27
Jay,M,103
Harlan,M,8
Mabel,F,808
Ivan,M,28
Lonzo,M,10
Leona,F,137
Walker,M,29
Minda,F,6
Cornelia,F,94
Harrie,M,6
Calla,F,6
Pearl,M,62
Leana,F,6
Ray,M,142
Lillis,F,6
Joseph,M,2632
Easter,F,12
Leone,F,7
Violet,F,42
Lenna,F,23
Wilfred,M,21
Alford,M,14
Lea,F,7
Amelia,F,221
Nellie,M,6
Bulah,F,5
Crockett,M,5
Liddie,F,12
Margarett,F,5
Marshall,M,78
Jonas,M,28
Luke,M,43
Hunter,M,12
Lollie,F,5
Donie,F,9
Ardelia,F,6
Otis,M,88
Leo,F,6
Gustaf,M,6
Mace,M,5
Weaver,M,7
Boyd,M,16
Joanna,F,26
June,F,14
Hoy,M,8
Augustine,M,12
Eleanor,F,129
Lyle,M,7
Louie,M,33
Mervin,M,6
Lucille,F,40
Oral,M,8
Emerson,M,25
Lilla,F,35
Jones,M,9
Rose,M,7
Lona,F,28
Lidie,F,7
Betty,F,117
Holmes,M,6
George,F,26
Danial,M,8
Littie,F,5
Clair,F,5
Shelby,M,8
Lular,F,7
Katherine,M,5
Lula,F,621
Cliff,M,7
Bridget,F,35
Velma,F,16
Hosea,M,10
Eddie,F,12
Helma,F,6
Gilbert,M,101
Irven,M,5
Carolina,F,13
Elmo,M,15
Tempie,F,5
Eugenia,F,40
Mahala,F,9
Stonewall,M,9
Oma,F,18
Samantha,F,21
Curtis,M,68
Murdock,M,5
Sanford,M,30
Netta,F,6
Dinah,F,6
Davie,M,6
General,M,32
Kate,F,299
Amber,F,9
Buster,M,8
Virgil,M,81
Stella,F,414
Pleasant,M,17
Tyler,M,7
Blanch,F,29
Geraldine,F,7
Nels,M,12
Huey,M,5
Gracie,F,18
Clifton,M,38
Egbert,M,15
Denver,M,5
Hollis,M,7
Merle,M,17
Neal,M,43
Angus,M,17
Alec,M,11
Sid,M,7
Ida,F,1472
Aurora,F,6
Robbie,F,6
Philo,M,5
Worthy,M,5
Cato,M,6
Docia,F,25
Arthur,M,1599
Chas,M,53
Sim,M,16
Pat,M,12
Patience,F,7
Leah,F,54
Eliza,M,6
Barton,M,5
Burr,M,11
Sylvanus,M,5
Warren,M,158
Phillip,M,75
Victor,M,100
Horatio,M,15
Merrill,M,13
Joseph,F,10
Humphrey,M,5
Chalmers,M,5
Irvin,M,86
Damon,M,6
Bennett,M,15
Marilla,F,5
Lizzie,F,388
Hubert,M,59
Angela,F,7
Kizzie,F,13
Percival,M,7
Golden,M,7
Malcolm,M,18
Josiephine,F,9
Hollie,M,6
Sheppard,M,5
Peter,M,496
Essie,F,78
Neva,F,18
Osborne,M,7
Becky,F,8
Bill,M,53
Hamilton,M,17
Romeo,M,8
Berry,M,30
Tomas,M,18
Burton,M,34
Elizabeth,M,9
Ross,M,69
Frona,F,10
Orla,M,5
Emilie,F,46
Juanita,F,23
Eugenie,F,7
Gabe,M,11
Erma,F,30
Russel,M,8
Salomon,M,6
Margery,F,8
Clare,F,15
Leda,F,9
Leslie,F,8
Hervey,M,7
Pinkney,M,10
Lelia,F,65
Sadie,F,317
Mintie,F,13
Dee,F,6
Fayette,M,8
Doshia,F,6
Josiah,M,26
Cordelia,F,58
Cleo,M,5
Hallie,M,6
Erna,F,10
Elihu,M,6
Fronnie,F,5
Royal,M,26
Dona,F,18
Octavia,F,27
Carlos,M,17
Allison,M,6
Barnett,M,5
Jesse,M,569
Alva,M,70
Harriette,F,19
Adolf,M,6
Letitia,F,22
Carey,M,13
Gene,M,7
Louise,F,635
Odie,M,8
Sabina,F,6
Adaline,F,23
Phebe,F,15
Thomas,F,8
Wilburn,M,16
Carolyn,F,80
Indiana,F,9
Oda,M,6
Susan,F,286
Debbie,F,6
Isadora,F,5
Nona,F,31
Andres,M,14
Jean,F,59
Liller,F,6
Claude,M,309
Lucile,F,40
Wilton,M,7
Orion,M,5
Payton,M,5
Melvin,M,103
Ottilia,F,5
Millie,F,105
Johnnie,F,9
Ramon,M,9
Carey,F,6
Frank,F,13
Dove,F,8
Alvah,M,18
Catharine,F,28
Judson,M,31
Zack,M,19
Brooks,M,5
Vann,M,5
Ula,F,5
Bernice,F,59
Phoebe,F,50
Jack,M,204
Madge,F,41
Milo,M,26
Budd,M,5
Clyde,M,221
Mona,F,14
Jose,M,84
Claude,F,10
Lela,F,106
Stuart,M,16
Florida,F,10
Johnie,M,18
Adda,F,14
Obie,M,9
Ardella,F,6
Mittie,F,53
Carlotta,F,6
Rae,F,10
Unknown,M,5
Bertram,M,18
Issac,M,16
Lum,M,10
Erwin,M,16
Mollie,F,283
Cecile,F,17
Starling,M,5
Lynn,M,30
Vinnie,F,20
Alpheus,M,6
Ann,F,131
Savannah,F,17
Winifred,F,92
Anastasia,F,10
Lenora,F,66
Cleveland,M,11
Etna,F,7
Rita,F,19
Merton,M,27
Kathleen,F,21
Luvenia,F,16
Fritz,M,18
Alvin,M,102
Prudence,F,17
Nick,M,40
Gorge,M,5
Albertina,F,7
Parthenia,F,5
Harriett,F,83
Emmaline,F,14
Brad,M,5
Francis,F,55
Jewel,F,5
Rosalia,F,9
Fannie,F,560
Mart,M,8
Jordan,M,23
Ferd,M,6
Myrta,F,17
Isaiah,M,40
Alyce,F,7
Elisa,F,5
Gussie,F,54
Ben,M,305
Patsy,F,15
Thad,M,6
Gregorio,M,5
Rosa,F,507
Guss,M,9
Kattie,F,8
Isiah,M,20
Pinkey,F,5
Clara,F,1226
Mark,M,85
Connie,F,12
Annis,F,7
Orrie,M,5
Elmina,F,8
Leslie,M,79
Leatha,F,6
Emanuel,M,57
Uriah,M,10
Orie,M,10
Cherry,F,6
Pinkie,F,21
Linwood,M,5
Cassius,M,17
Shirley,M,10
Jessee,M,6
Bertie,M,8
Parley,M,9
Adrian,M,18
Samual,M,5
Herman,M,347
Ophelia,F,44
Raleigh,M,14
Madora,F,5
Almer,M,5
Herbert,M,424
Ab,M,5
Cathrine,F,13
Roena,F,5
Riley,M,41
Bruno,M,7
Milton,M,149
Arnold,M,37
Onie,F,7
Marcellus,M,11
Armand,M,6
Clemmie,F,12
Kittie,F,38
Bettie,F,113
Levi,M,112
Anson,M,10
Owen,M,78
Zilpha,F,6
Emmet,M,34
Carrie,F,949
Sidney,F,16
Edgar,F,5
Aloysius,M,12
Queen,F,17
Evie,F,17
Roseanna,F,5
Charles,M,5348
Theodore,M,232
Steven,M,17
Murray,M,17
Maud,F,345
Loran,M,5
Adelia,F,18
Dempsey,M,11
Presley,M,5
Alvie,M,12
Matt,M,41
Miguel,M,12
Ione,F,9
Andre,M,6
Flem,M,8
Steve,M,52
Miner,M,5
Theadore,M,5
Emilia,F,9
King,M,27
Rosanna,F,7
Charlotta,F,5
Gust,M,23
Elsa,F,20
Elmire,F,5
Eola,F,6
Maxwell,M,9
Toney,M,7
Lue,F,19
Hudson,M,5
Oliver,M,234
Lura,F,53
Watson,M,12
Sammie,F,6
Edmund,M,67
Olen,M,8
Joe,F,5
Sanders,M,6
Reese,M,6
Wilda,F,11
Fay,F,13
Ruby,M,6
Elizabeth,F,1939
York,M,5
Freda,F,34
Forest,M,30
Katheryn,F,7
Lulie,F,8
Winfield,M,108
Eric,M,10
Hugh,M,224
Theron,M,7
Georgianna,F,18
Luella,F,111
Alba,F,6
Augusta,F,151
Della,F,391
Wellington,M,12
Media,F,8
Mildred,F,132
Cora,F,1045
Ora,F,149
Hermon,M,5
Rachael,F,12
Vernon,M,56
Alonza,M,10
Odelia,F,6
Mont,M,13
Ralph,M,317
Wheeler,M,13
Scott,M,60
Larry,M,13
Elliot,M,7
Bertha,F,1320
Charlie,M,730
Sabra,F,5
Lettie,F,62
Olaf,M,11
Dorcas,F,11
Walter,F,8
Bedford,M,7
Logan,M,13
Hattie,F,769
Doss,M,6
Vivian,M,7
Volney,M,11
Norah,F,9
Lonie,M,7
William,F,30
Marie,F,471
Liza,F,18
Lacy,F,6
Elmore,M,9
Rosella,F,25
Nolia,F,6
Newton,M,70
Spurgeon,M,5
Ottie,F,5
Priscilla,F,26
Patrick,M,248
Callie,F,131
Edith,M,5
Don,M,34
Wash,M,21
Austin,M,53
Leila,F,80
Hortense,F,14
Lucian,M,18
Elie,M,5
Effa,F,11
Thursa,F,5
Jeanette,F,55
Mazie,F,11
Everette,M,5
Adline,F,8
Webster,M,13
Dillard,M,10
Clement,M,16
Napoleon,M,31
Gardner,M,5
Sydney,M,12
Jesus,M,18
Perley,M,18
Jules,M,16
Clifford,M,127
Larkin,M,16
John,F,46
Daisy,M,5
Birtha,F,5
Emmie,F,12
Lou,F,131
Linda,F,27
Raymond,M,165
Mason,M,22
Mahlon,M,14
Nimrod,M,5
Laura,F,1012
Cecil,M,45
Abner,M,27
Paulina,F,10
Dessa,F,12
Gwendolyn,F,5
Roberta,F,34
Nealie,F,6
Conrad,M,41
Mignon,F,5
Ulysses,M,29
Ivy,F,33
Vina,F,35
Eve,F,7
Ephraim,M,18
Clemie,F,6
Delila,F,5
Ollie,M,63
Delos,M,7
Gus,M,99
Delphine,F,5
Knute,M,5
Junie,F,5
Janet,F,28
Missouri,F,23
Madison,M,22
Norma,F,32
Manerva,F,10
Isabel,F,81
Arizona,F,8
Ashley,M,8
Juana,F,5
Joan,F,12
Nettie,F,403
Zoe,F,23
Imogene,F,12
Rosetta,F,46
Paralee,F,7
Hazel,F,21
Claudia,F,48
Molly,F,18
Freeman,M,26
Enrique,M,5
Marcella,F,14
Mallie,F,11
Cornelius,M,92
Finis,M,9
Corrine,F,5
Clarance,M,8
Minnie,M,9
Lon,M,64
Caesar,M,6
Johannah,F,5
Walton,M,7
Elijah,M,100
Jonathan,M,18
Press,M,8
Ferdinand,M,32
Shelton,M,7
Elnora,F,42
Katherine,F,502
Palmer,M,10
Sherman,M,54
Lovina,F,8
Ottis,M,6
Samuel,M,1024
Icy,F,5
Tennie,F,26
Squire,M,15
Mellie,F,16
Casper,M,15
Coy,M,6
Magdalene,F,13
Cassie,F,33
Louis,F,5
Regina,F,36
Arch,M,61
Pearl,F,569
Rebecca,F,236
Clarke,M,6
Clint,M,27
Pearlie,F,16
Melville,M,17
Loyd,M,14
Marcia,F,9
Lloyd,M,104
Tillie,F,83
Algie,M,7
Mathilde,F,11
Cinda,F,6
Lovie,F,14
Gee,M,5
Aileen,F,6
Edson,M,6
Wayne,M,23
Sidney,M,142
Rolla,M,18
Abby,F,6
Dow,M,5
Pauline,F,144
Esau,M,5
Edith,F,768
Rupert,M,6
Donald,M,46
Mayme,F,124
Altha,F,10
Theo,M,9
Rena,F,74
Omar,M,14
Roswell,M,5
Vernie,M,6
Troy,M,8
Alys,F,5
Rube,M,6
Loula,F,13
Warner,M,10
Walter,M,1755
Aubrey,M,21
Charity,F,29
Zelda,F,6
Ballard,M,6
Hillard,M,6
Nina,F,119
Maymie,F,7
Lucina,F,5
Theodosia,F,10
Jane,F,215
Therese,F,11
Bernhard,M,8
Inez,F,106
Washington,M,24
Katharine,F,76
Sallie,F,404
Daisey,F,11
Aline,F,11
Jessie,F,635
Noah,M,103
Isabella,F,50
Omer,M,29
Hannah,F,221
Ethyl,F,8
Arminta,F,16
Era,F,11
Sylvester,M,89
Bertie,F,77
Harmon,M,23
Patty,F,9
Rosina,F,11
Alf,M,7
Julious,M,5
Anne,F,136
Ossie,F,5
Burt,M,42
Bird,F,10
Ike,M,42
Huldah,F,8
Preston,M,47
Emeline,F,9
Edwin,M,309
Rolland,M,11
Lindsay,M,7
Wong,M,10
Wilhelm,M,6
Roy,M,440
Stephen,M,176
Neil,M,24
Major,M,28
Emily,F,210
Bertrand,M,11
Elias,M,65
Abigail,F,12
Mariah,F,22
Urban,M,10
Nelson,M,99
Lucius,M,38
Green,M,39
Adolph,M,93
Ina,F,79
Etta,F,323
Sybilla,F,6
Adam,M,104
Dorsey,M,14
Nat,M,14
Alpha,F,26
Howard,M,357
Addie,M,8
Webb,M,12
Hal,M,7
Horace,M,199
Wylie,M,12
Dovie,F,30
Asbury,M,6
Adolphus,M,17
Maria,F,125
Viney,F,6
Sampson,M,5
Boston,M,5
Lorin,M,5
Jeff,M,66
Evaline,F,6
Lida,F,49
Joel,M,41
Myra,F,83
Jennie,M,7
Edward,M,2364
Terry,M,10
Elza,M,25
Gina,F,7
Nora,F,471
Fletcher,M,25
Nolie,F,5
Emory,M,40
Rubin,M,14
Ethelyn,F,14
Ethel,M,6
Eda,F,22
Dora,M,6
Justus,M,11
Carleton,M,8
Travis,M,12
Margarita,F,5
Percy,M,94
Lucinda,F,63
Emmitt,M,7
Edie,M,5
Hardy,M,19
Viva,F,7
Ivy,M,5
Raoul,M,7
Verna,F,46
Annabel,F,13
Berta,F,24
Electa,F,6
Wyatt,M,15
Margret,F,24
Kathryne,F,6
Ona,F,21
Louis,M,828
Sandy,M,18
Enos,M,14
Clark,M,49
Billy,M,7
Axel,M,16
Zetta,F,8
Rella,F,7
Jewel,M,5
Wilford,M,18
Lutie,F,19
Dora,F,524
Henderson,M,12
Erie,M,6
Everett,M,110
Smith,M,15
Nella,F,10
Tillman,M,9
Adina,F,5
Isom,M,18
Minerva,F,63
Christine,F,89
Katie,F,303
Minnie,F,1746
Sue,F,65
Luis,M,12
Sammie,M,6
Alma,F,277
Ole,M,29
Harvey,M,344
Nevada,F,12
Elda,F,9
Elige,M,9
Anna,F,2604
Iola,F,15
Malinda,F,35
Adeline,F,54
Rhoda,F,73
Bama,F,6
Pollie,F,5
Maude,F,859
Lavina,F,9
Benjamin,M,490
Rafe,M,6
Rice,M,9
Sophie,F,83
Lafe,M,9
Orville,M,49
Layton,M,5
Ezra,M,39
Aimee,F,13
Roland,M,36
Eldridge,M,13
Corine,F,8
Fleming,M,5
Ila,F,15
Johnny,M,20
Addison,M,19
Etter,F,5
Zella,F,31
Ava,F,13
Newt,M,10
Mack,M,104
John,M,9655
Edd,M,52
Marian,F,56
Jackson,M,46
Alex,M,147
Carson,M,9
Rene,M,5
Una,F,10
Lina,F,49
Blaine,M,5
Jewell,F,8
Mai,F,6
Mina,F,73
Tilda,F,7
Hulda,F,60
Sada,F,6
Luna,F,15
Otho,M,18
Estie,F,5
Tobias,M,7
Irwin,M,22
Johnnie,M,24
Rose,F,700
Leota,F,30
Ruby,F,92
Jerome,M,52
Bernadette,F,8
Elwood,M,23
Winnifred,F,9
Josh,M,31
Jannie,F,21
Daniel,M,643
Saul,M,15
Linna,F,5
Leonard,M,200
Justice,M,5
Tom,M,399
Eber,M,7
Mose,M,52
Donna,F,17
Harrison,M,65
Charles,F,11
Charlotte,F,237
Al,M,12
Julian,M,32
June,M,9
Gabriel,M,15
Gracia,F,5
Alfred,M,469
Mike,M,95
Giles,M,18
Grace,F,982
Antonio,M,26
William,M,9532
Montgomery,M,5
Lydia,F,302
Madeline,F,22
Frank,M,3242
Serena,F,13
Yetta,F,7
Lulu,F,249
Marshal,M,8
Drusilla,F,8
Hope,F,9
Ernie,M,6
Jettie,F,9
Amalia,F,9
Lester,M,109
Estella,F,162
Fronie,F,7
Avis,F,14
Frederick,M,483
Mitchel,M,6
Lavinia,F,21
Beryl,F,11
Neppie,F,7
Isabelle,F,80
Jossie,F,7
Lou,M,14
Bob,M,46
Hampton,M,6
Adele,F,41
Catherine,F,688
Harve,M,17
Lila,F,36
Matilda,F,210
Adelbert,M,28
Rachel,F,166
Baldwin,M,5
Clayton,M,60
Ludwig,M,9
Leroy,M,124
Carra,F,7
Lillian,F,672
Maurice,M,93
Park,M,9
Orpha,F,29
Creed,M,7
Otto,M,271
Fred,F,9
Eliza,F,252
Ella,F,1156
Delbert,M,44
Abbott,M,5
Israel,M,17
Rex,M,13
Minta,F,25
Stanford,M,6
Meda,F,19
Harold,M,113
Barbara,F,127
Wilhelmine,F,6
Harl,M,5
Jeremiah,M,37
Geo,M,16
Darius,M,10
Harris,M,18
Guadalupe,F,5
Cullen,M,9
Pierre,M,13
Louvenia,F,15
Monica,F,6
Vivian,F,22
Paul,M,301
Harry,M,2152
Mat,M,16
Leitha,F,7
Christopher,M,95
Earnest,M,88
Alvina,F,28
Ellsworth,M,11
Agustus,M,5
Winona,F,6
Nate,M,5
Phyllis,F,6
Morris,M,77
Rodney,M,13
Camille,F,8
Woodson,M,8
Simon,M,88
Elena,F,8
Adelle,F,5
Franklin,M,120
Vincent,M,41
Isreal,M,9
Ednah,F,6
Sophronia,F,15
Rudolph,M,54
Lucretia,F,29
Art,M,12
Pattie,F,22
Oda,F,9
Asberry,M,6
Hardin,M,7
Stewart,M,19
Hardie,M,5
Susie,F,361
Melvina,F,21
Iva,F,127
Artie,F,29
Harley,M,70
Esta,F,9
Loretta,F,41
Leora,F,28
Lemuel,M,59
Dayton,M,8
Rollie,M,16
Aurthur,M,5
Bernard,M,140
Ana,F,5
Annabelle,F,9
Elinor,F,9
Odessa,F,14
Margarette,F,9
Besse,F,10
Claudie,F,12
Bella,F,13
Dillie,F,7
Noel,M,10
Fidelia,F,6
Izora,F,11
Duncan,M,12
Marcus,M,47
Melissa,F,33
Chloe,F,20
Duke,M,7
Glenna,F,7
Denis,M,10
Judge,M,25
Carlton,M,13
Iris,F,11
Emelia,F,12
Osa,F,7
Willam,M,13
Ransom,M,5
Elliott,M,21
Matthias,M,5
Drucilla,F,7
Abraham,M,81
Wes,M,5
Eleanore,F,13
Willie,F,192
Maudie,F,9
Ruth,F,234
Michael,M,354
Florence,M,8
Ray,F,8
Waldo,M,10
Flossie,F,25
Simeon,M,23
Myron,M,42
Albin,M,6
Deborah,F,12
Claudine,F,6
Omie,F,5
Worth,M,8
Rosie,F,106
Sol,M,12
Loren,M,22
Lucious,M,10
Perry,M,134
Fern,F,10
Bernie,M,5
Moroni,M,5
Joella,F,6
Isham,M,13
Lugenia,F,10
Naomi,F,32
Elenora,F,8
Ira,M,249
Junious,M,6
Manuela,F,5
Asher,M,6
Eunice,F,67
Amy,F,167
Irma,F,30
Robert,M,2415
Aurelia,F,21
Bell,F,31
Mattie,F,704
Lois,F,53
Nova,M,5
Margaret,F,1578
Celina,F,12
Duff,M,5
Ollie,F,183
Allan,M,20
Mamie,F,436
Evans,M,10
Basil,M,11
Berton,M,8
Bessie,F,796
Hugo,M,24
Leander,M,17
Osie,F,8
Kathrine,F,21
Gertie,F,34
Nonie,F,6
Anderson,M,43
Delia,F,129
Tilmon,M,5
Roderick,M,7
Jefferson,M,43
Sina,F,12
Benjaman,M,12
James,F,22
Ellie,F,17
Mitchell,M,32
Ettie,F,25
Maybelle,F,16
Dan,M,140
Carrie,M,8
Clinton,M,79
Lily,F,41
Julius,M,143
Penelope,F,5
Cloyd,M,12
Alpha,M,6
Verona,F,5
Abbie,F,71
Geneva,F,28
Benjamine,M,13
Leonidas,M,5
Hilda,F,60
Clay,M,18
Fred,M,1569
Millard,M,56
Leonie,F,10
Lonnie,F,13
Clifford,F,6
Arvilla,F,6
Dewitt,M,30
Araminta,F,5
Kathryn,F,204
Alphonso,M,5
Selina,F,10
Anita,F,16
Haywood,M,10
Olin,M,11
Concepcion,F,5
Roxie,F,62
Celestine,F,12
Halsey,M,5
Eloise,F,11
Cyril,M,5
Vesta,F,20
Commodore,M,6
Cleo,F,17
Fernando,M,8
Joe,M,731
Thornton,M,12
Cordie,F,14
Manervia,F,5
George,M,5126
Valentine,M,10
Aron,M,8
Peggy,F,13
Rush,M,12
Lewis,M,517
Junius,M,22
Albion,M,6
Ernst,M,9
Isaac,M,274
Victoria,F,93
Dana,M,12
Mima,F,6
Orrin,M,9
Charley,M,305
Martin,M,357
Louella,F,34
Sannie,F,5
Ivah,F,6
Creola,F,6
Ambrose,M,32
Teresa,F,50
Ocie,F,8
Santiago,M,12
Lafayette,M,22
Matie,F,20
Harriet,F,319
Carol,F,7
Wilson,M,72
Marion,F,115
Jonah,M,8
Anton,M,77
Minor,M,21
Artie,M,5
Inga,F,8
Manford,M,9
Irving,M,60
Donnie,F,20
Florence,F,1063
Jake,M,96
Ruthie,F,5
Davis,M,17
Orson,M,7
Emelie,F,10
Myrtle,M,5
Erasmus,M,5
August,M,210
Clare,M,8
Hezekiah,M,11
Bennie,M,26
Letta,F,9
Estelle,F,119
Reece,M,5
Esther,F,198
Grover,M,18
Orlando,M,16
Ceylon,M,5
Herschel,M,11
Manley,M,8
Olie,F,7
Archer,M,9
Merritt,M,18
Manly,M,5
Glenn,M,43
Johanna,F,64
Manie,F,10
Johnson,M,13
Prince,M,16
Birt,M,7
Miriam,F,28
Adella,F,26
Hayes,M,8
Will,M,588
Winfred,M,12
Kitty,F,9
Emery,M,52
Frederic,M,22
Beatrice,F,87
Baxter,M,11
Rillie,F,7
Magdalen,F,7
Eugene,M,328
Evan,M,22
Oscar,M,544
Theresa,F,153
Stacy,M,6
Leon,M,118
Norval,M,5
Fate,M,11
Flora,M,5
Mae,F,344
Constance,F,15
Ara,F,6
Cicero,M,14
Madie,F,6
Lillie,M,5
Wm,M,14
Jess,M,103
Marion,M,189
Katy,F,7
Bena,F,6
Arlington,M,6
Anastacio,M,6
Delphia,F,7
Dee,M,20
Orval,M,22
Author,M,6
Bird,M,7
Elzie,M,13
Ossie,M,9
Luther,M,260
Nan,F,16
Randall,M,8
Wilbert,M,29
Carl,M,372
Augustin,M,6
Elva,F,44
Sterling,M,17
Benito,M,7
Richard,M,728
Santos,M,5
Homer,M,205
Arlie,M,7
Tessie,F,17
Jenny,F,13
Ashby,M,5
Caleb,M,27
Georgiana,F,36
Viola,F,229
Wendell,M,6
Garland,M,11
Houston,M,16
David,M,869
Pink,M,30
Birtie,F,10
Salome,F,11
Schuyler,M,5
Mathilda,F,72
Chauncey,M,32
Ward,M,30
Tina,F,17
Elizebeth,F,18
Mahalia,F,5
Maynard,M,12
Estell,F,9
Lessie,F,18
Albina,F,7
Elvin,M,10
Zelma,F,19
Elmira,F,13
Hester,F,49
Louetta,F,6
Goldie,F,24
Natalie,F,5
Irena,F,8
Alma,M,14
Teressa,F,5
Libbie,F,19
Rowland,M,5
Eliseo,M,5
Albert,M,1493
Mercedes,F,6
Annie,F,1258
Tena,F,19
Muriel,F,7
Byrd,F,6
Andy,M,58
Grace,M,6
Mable,F,83
Douglas,M,29
Zeke,M,6
Hunt,M,5
Eddie,M,129
Leta,F,18
Euphemia,F,6
Phil,M,12
Venie,F,6
Early,M,11
Zena,F,7
Nelle,F,65
Gladys,F,20
Caroline,F,306
Josephine,F,544
Marquis,M,8
Althea,F,9
Frances,F,605
Bradley,M,5
Helen,F,636
Ford,M,8
Ishmael,M,6
Orley,M,8
Dwight,M,12
Emmett,M,74
Lee,F,28
Willian,M,6
Theophile,M,5
Augusta,M,5
Julia,F,783
Pablo,M,11
Mena,F,6
Lottie,F,245
Evert,M,12
Tishie,F,7
Dellar,F,9
Ira,F,16
Allen,M,184
Irene,F,204
Almira,F,8
Mal,M,7
Max,M,52
Bonnie,F,14
Manda,F,10
Almon,M,10
Lionel,M,8
Phineas,M,5
Sumner,M,10
Daisie,F,12
Moses,M,111
Dena,F,13
Louie,F,14
Clemente,M,6
Finley,M,11
Dessie,F,36
Amos,M,128
Willis,M,166
Etha,F,9
Alta,F,91
Kenneth,M,32
Eula,F,70
Lige,M,15
Jasper,M,98
Redden,M,6
Alexander,M,211
Lemma,F,5
Alverta,F,6
Erie,F,6
Lyda,F,32
Ruben,M,30
Emmer,F,11
Carroll,M,26
Matthew,M,113
Mattie,M,5
Woodie,M,5
Cecilia,F,44
Jabez,M,5
Dick,M,25
Cruz,M,6
Maggie,F,582
Winnie,F,49
Drew,M,6
Porter,M,38
Enoch,M,60
Idella,F,23
Claud,M,90
Lawrence,M,257
Belle,F,238
Willard,M,88
Retta,F,25
Clarinda,F,7
Glen,M,24
Watt,M,7
Ernestine,F,17
Marguerite,F,48
Georgina,F,5
Felicia,F,7
Timothy,M,70
Lem,M,12
Nena,F,8
Selena,F,5
Rutherford,M,8
Jodie,M,5
Sally,F,80
Olga,F,50
Jennette,F,6
Myrtle,F,615
Elsie,F,301
Christena,F,13
Love,F,5
Parker,M,14
Leonora,F,26
Nellie,F,995
Tressa,F,7
Doris,F,9
Lucie,F,23
Blanche,F,427
Clarence,M,730
Gustavus,M,5
Hessie,F,6
Gideon,M,10
Marietta,F,21
Elick,M,5
Mettie,F,13
Asa,M,60
Zora,F,28
Grant,M,52
Eligah,M,7
Lew,M,20
Anner,F,9
Elsie,M,6
Mathew,M,60
Amie,F,7
Cynthia,F,61
Mary,F,7065
Jeannette,F,34
Hyman,M,6
Malachi,M,10
Babe,M,5
Orren,M,6
Sarah,F,1288
Jessie,M,154
Mabelle,F,39
Isam,M,5
Godfrey,M,9
Lee,M,361
Emma,M,10
Iona,F,18
Ellis,M,58
Lewie,M,5
Virgie,F,41
Calvin,M,134
Clarence,F,7
Jennie,F,793
Felix,M,92
Harman,M,7
Dolphus,M,8
Hayden,M,5
Alice,F,1414
Eulalia,F,7
Forrest,M,36
Honora,F,5
Virginia,F,213
Zola,F,7
Julie,F,22
Grayce,F,7
Ephriam,M,8
Lincoln,M,10
Sylvia,F,81
Lissie,F,11
Isa,F,5
Earle,M,25
Pleas,M,7
Tommie,F,10
Mandy,F,34
Helene,F,17
Christina,F,65
Angeline,F,25
Vernie,F,10
Maryann,F,6
Mertie,F,18
Chancy,M,7
Blas,M,6
Ted,M,13
Roscoe,M,90
Bess,F,46
Thaddeus,M,12
Dosha,F,5
Maye,F,9
Eva,F,614
Dexter,M,6
Solon,M,8
Jacob,M,404
Mathias,M,12
Beverly,M,12
Francisco,M,19
Hilliard,M,10
Nathan,M,114
Alida,F,17
Cal,M,19
Lennie,F,11
Colonel,M,11
Bennie,F,8
Annetta,F,18
Lorenzo,M,48
Annie,M,6
Corrie,F,9
Benjiman,M,28
Curt,M,6
Elbert,M,79
Minervia,F,7
Glenn,F,5
Amanda,F,241
Spencer,M,35
Mame,F,12
Lorene,F,5
Eleanora,F,6
Wade,M,56
Georgie,F,43
Elaine,F,5
Shirley,F,8
Pete,M,50
Sula,F,9
Huston,M,8
Celestia,F,6
Nathanial,M,5
Cora,M,6
Pedro,M,31
Guy,M,239
Lawyer,M,5
Vallie,F,6
Nathaniel,M,60
Lanie,F,6
Young,M,14
Rosalie,F,39
Texas,F,5
Foster,M,16
Doc,M,9
Sudie,F,27
Williams,M,11
Augustus,M,74
Wanda,F,11
Eudora,F,6
Agnes,F,473
Hoyt,M,5
Rollin,M,16
Alberta,F,76
Ernest,M,615
Tommy,M,5
Clyda,F,6
Malvina,F,11
Genevieve,F,59
Opal,F,5
Janie,F,96
Crawford,M,8
Philip,M,186
May,F,462
Jessica,F,7
Letty,F,5
Louisa,F,126
Doctor,M,10
Hassie,F,5
Henry,F,11
Jim,M,345
Hilma,F,10
Candido,M,6
Gustave,M,49
Eli,M,73
Selma,F,36
Christ,M,15
Celie,F,5
Evalena,F,6
Margeret,F,8
Monroe,M,53
Dave,M,131
Caddie,F,5
Judy,F,5
Delilah,F,10
Melinda,F,14
Veronica,F,14
Tressie,F,6
